CODIGO_DANE_MUNICIPIO,DEPARTAMENTO,MUNICIPIO
11001,BOGOTA D.C.,BOGOTA D.C.
44001,LA GUAJIRA,RIOHACHA
54001,NORTE DE SANTANDER,CUCUTA
50001,META,VILLAVICENCIO
19001,CAUCA,POPAYAN
05615,ANTIOQUIA,RIONEGRO
05001,ANTIOQUIA,MEDELLIN
76001,VALLE DEL CAUCA,CALI
68001,SANTANDER,BUCARAMANGA
08001,ATLANTICO,BARRANQUILLA
52685,NARINO,SAN BERNARDO
44430,LA GUAJIRA,MAICAO
54498,NORTE DE SANTANDER,OCANA
25307,CUNDINAMARCA,GIRARDOT
66682,RISARALDA,SANTA ROSA DE CABAL
76892,VALLE DEL CAUCA,YUMBO
76130,VALLE DEL CAUCA,CANDELARIA
76520,VALLE DEL CAUCA,PALMIRA
25286,CUNDINAMARCA,FUNZA
19130,CAUCA,CAJIBIO
13001,BOLIVAR,CARTAGENA DE INDIAS
66170,RISARALDA,DOSQUEBRADAS
54810,NORTE DE SANTANDER,TIBU
41551,HUILA,PITALITO
73268,TOLIMA,ESPINAL
76616,VALLE DEL CAUCA,RIOFRIO
66001,RISARALDA,PEREIRA
20550,CESAR,PELAYA
15238,BOYACA,DUITAMA
52287,NARINO,FUNES
05501,ANTIOQUIA,OLAYA
17380,CALDAS,LA DORADA
52356,NARINO,IPIALES
41206,HUILA,COLOMBIA
63130,QUINDIO,CALARCA
85001,CASANARE,YOPAL
20011,CESAR,AGUACHICA
19845,CAUCA,VILLA RICA
05088,ANTIOQUIA,BELLO
18001,CAQUETA,FLORENCIA
20001,CESAR,VALLEDUPAR
05212,ANTIOQUIA,COPACABANA
68307,SANTANDER,GIRON
15001,BOYACA,TUNJA
20032,CESAR,ASTREA
19573,CAUCA,PUERTO TEJADA
19698,CAUCA,SANTANDER DE QUILICHAO
20710,CESAR,SAN ALBERTO
47001,MAGDALENA,SANTA MARTA
81065,ARAUCA,ARAUQUITA
41026,HUILA,ALTAMIRA
68547,SANTANDER,PIEDECUESTA
54553,NORTE DE SANTANDER,PUERTO SANTANDER
27001,CHOCO,QUIBDO
08758,ATLANTICO,SOLEDAD
25214,CUNDINAMARCA,COTA
05154,ANTIOQUIA,CAUCASIA
41001,HUILA,NEIVA
19824,CAUCA,TOTORO
85125,CASANARE,HATO COROZAL
76147,VALLE DEL CAUCA,CARTAGO
05664,ANTIOQUIA,SAN PEDRO DE LOS MILAGROS
25754,CUNDINAMARCA,SOACHA
25899,CUNDINAMARCA,ZIPAQUIRA
50150,META,CASTILLA LA NUEVA
08433,ATLANTICO,MALAMBO
52001,NARINO,PASTO
19300,CAUCA,GUACHENE
52405,NARINO,LEIVA
19622,CAUCA,ROSAS
05147,ANTIOQUIA,CAREPA
23660,CORDOBA,SAHAGUN
25875,CUNDINAMARCA,VILLETA
41483,HUILA,NATAGA
68147,SANTANDER,CAPITANEJO
52207,NARINO,CONSACA
54405,NORTE DE SANTANDER,LOS PATIOS
23001,CORDOBA,MONTERIA
68276,SANTANDER,FLORIDABLANCA
13430,BOLIVAR,MAGANGUE
73001,TOLIMA,IBAGUE
41298,HUILA,GARZON
25430,CUNDINAMARCA,MADRID
18592,CAQUETA,PUERTO RICO
86568,PUTUMAYO,PUERTO ASIS
76834,VALLE DEL CAUCA,TULUA
08078,ATLANTICO,BARANOA
76109,VALLE DEL CAUCA,BUENAVENTURA
05360,ANTIOQUIA,ITAGUI
17486,CALDAS,NEIRA
25843,CUNDINAMARCA,VILLA DE SAN DIEGO DE UBATE
81001,ARAUCA,ARAUCA
86001,PUTUMAYO,MOCOA
63594,QUINDIO,QUIMBAYA
25612,CUNDINAMARCA,RICAURTE
05736,ANTIOQUIA,SEGOVIA
41396,HUILA,LA PLATA
54109,NORTE DE SANTANDER,BUCARASICA
52418,NARINO,LOS ANDES
41885,HUILA,YAGUARA
54874,NORTE DE SANTANDER,VILLA DEL ROSARIO
20787,CESAR,TAMALAMEQUE
19455,CAUCA,MIRANDA
19780,CAUCA,SUAREZ
41807,HUILA,TIMANA
25740,CUNDINAMARCA,SIBATE
15232,BOYACA,CHIQUIZA
44560,LA GUAJIRA,MANAURE
41006,HUILA,ACEVEDO
05045,ANTIOQUIA,APARTADO
70820,SUCRE,SANTIAGO DE TOLU
68679,SANTANDER,SAN GIL
76364,VALLE DEL CAUCA,JAMUNDI
25175,CUNDINAMARCA,CHIA
15759,BOYACA,SOGAMOSO
52683,NARINO,SANDONA
41797,HUILA,TESALIA
68820,SANTANDER,TONA
25407,CUNDINAMARCA,LENGUAZAQUE
76606,VALLE DEL CAUCA,RESTREPO
20383,CESAR,LA GLORIA
19807,CAUCA,TIMBIO
15176,BOYACA,CHIQUINQUIRA
41132,HUILA,CAMPOALEGRE
23189,CORDOBA,CIENAGA DE ORO
52317,NARINO,GUACHUCAL
08638,ATLANTICO,SABANALARGA
19256,CAUCA,EL TAMBO
25312,CUNDINAMARCA,GRANADA
19548,CAUCA,PIENDAMO - TUNIA
63001,QUINDIO,ARMENIA
86885,PUTUMAYO,VILLAGARZON
54385,NORTE DE SANTANDER,LA ESPERANZA
50568,META,PUERTO GAITAN
13683,BOLIVAR,SANTA ROSA
52838,NARINO,TUQUERRES
63212,QUINDIO,CORDOBA
19473,CAUCA,MORALES
54518,NORTE DE SANTANDER,PAMPLONA
52399,NARINO,LA UNION
25473,CUNDINAMARCA,MOSQUERA
41349,HUILA,HOBO
08573,ATLANTICO,PUERTO COLOMBIA
08560,ATLANTICO,PONEDERA
20570,CESAR,PUEBLO BELLO
08296,ATLANTICO,GALAPA
76111,VALLE DEL CAUCA,GUADALAJARA DE BUGA
85440,CASANARE,VILLANUEVA
54720,NORTE DE SANTANDER,SARDINATA
41306,HUILA,GIGANTE
08685,ATLANTICO,SANTO TOMAS
20228,CESAR,CURUMANI
19760,CAUCA,SOTARA PAISPAMBA
19142,CAUCA,CALOTO
44650,LA GUAJIRA,SAN JUAN DEL CESAR
13688,BOLIVAR,SANTA ROSA DEL SUR
19532,CAUCA,PATIA
19110,CAUCA,BUENOS AIRES
76233,VALLE DEL CAUCA,DAGUA
52323,NARINO,GUALMATAN
52694,NARINO,SAN PEDRO DE CARTAGO
17088,CALDAS,BELALCAZAR
73283,TOLIMA,FRESNO
05837,ANTIOQUIA,TURBO
54172,NORTE DE SANTANDER,CHINACOTA
23670,CORDOBA,SAN ANDRES DE SOTAVENTO
73168,TOLIMA,CHAPARRAL
47189,MAGDALENA,CIENAGA
41359,HUILA,ISNOS
20621,CESAR,LA PAZ
50226,META,CUMARAL
23555,CORDOBA,PLANETA RICA
19585,CAUCA,PURACE
52110,NARINO,BUESACO
91001,AMAZONAS,LETICIA
50325,META,MAPIRIPAN
73555,TOLIMA,PLANADAS
70001,SUCRE,SINCELEJO
73770,TOLIMA,SUAREZ
50711,META,VISTAHERMOSA
68081,SANTANDER,BARRANCABERMEJA
13473,BOLIVAR,MORALES
63190,QUINDIO,CIRCASIA
23466,CORDOBA,MONTELIBANO
20443,CESAR,MANAURE BALCON DEL CESAR
15806,BOYACA,TIBASOSA
76306,VALLE DEL CAUCA,GINEBRA
52227,NARINO,CUMBAL
76248,VALLE DEL CAUCA,EL CERRITO
52612,NARINO,RICAURTE
18410,CAQUETA,LA MONTANITA
41524,HUILA,PALERMO
52835,NARINO,SAN ANDRES DE TUMACO
76736,VALLE DEL CAUCA,SEVILLA
73585,TOLIMA,PURIFICACION
54313,NORTE DE SANTANDER,GRAMALOTE
13052,BOLIVAR,ARJONA
70742,SUCRE,SAN LUIS DE SINCE
25745,CUNDINAMARCA,SIMIJACA
70110,SUCRE,BUENAVISTA
44847,LA GUAJIRA,URIBIA
23162,CORDOBA,CERETE
17777,CALDAS,SUPIA
52079,NARINO,BARBACOAS
50573,META,PUERTO LOPEZ
25873,CUNDINAMARCA,VILLAPINZON
15224,BOYACA,CUCAITA
05858,ANTIOQUIA,VEGACHI
47245,MAGDALENA,EL BANCO
76890,VALLE DEL CAUCA,YOTOCO
47745,MAGDALENA,SITIONUEVO
54206,NORTE DE SANTANDER,CONVENCION
17272,CALDAS,FILADELFIA
05380,ANTIOQUIA,LA ESTRELLA
86569,PUTUMAYO,PUERTO CAICEDO
13244,BOLIVAR,EL CARMEN DE BOLIVAR
73148,TOLIMA,CARMEN DE APICALA
25269,CUNDINAMARCA,FACATATIVA
18753,CAQUETA,SAN VICENTE DEL CAGUAN
52786,NARINO,TAMINANGO
54003,NORTE DE SANTANDER,ABREGO
47053,MAGDALENA,ARACATACA
52051,NARINO,ARBOLEDA
52540,NARINO,POLICARPA
73678,TOLIMA,SAN LUIS
19137,CAUCA,CALDONO
76318,VALLE DEL CAUCA,GUACARI
44279,LA GUAJIRA,FONSECA
20238,CESAR,EL COPEY
44035,LA GUAJIRA,ALBANIA
95001,GUAVIARE,SAN JOSE DEL GUAVIARE
25817,CUNDINAMARCA,TOCANCIPA
13836,BOLIVAR,TURBACO
18860,CAQUETA,VALPARAISO
76275,VALLE DEL CAUCA,FLORIDA
20400,CESAR,LA JAGUA DE IBIRICO
23815,CORDOBA,TUCHIN
25260,CUNDINAMARCA,EL ROSAL
19392,CAUCA,LA SIERRA
50006,META,ACACIAS
68190,SANTANDER,CIMITARRA
68615,SANTANDER,RIONEGRO
05847,ANTIOQUIA,URRAO
50450,META,PUERTO CONCORDIA
23182,CORDOBA,CHINU
52560,NARINO,POTOSI
76041,VALLE DEL CAUCA,ANSERMANUEVO
52699,NARINO,SANTACRUZ
76895,VALLE DEL CAUCA,ZARZAL
76126,VALLE DEL CAUCA,CALIMA
52215,NARINO,CORDOBA
86320,PUTUMAYO,ORITO
50590,META,PUERTO RICO
25781,CUNDINAMARCA,SUTATAUSA
63548,QUINDIO,PIJAO
44090,LA GUAJIRA,DIBULLA
05129,ANTIOQUIA,CALDAS
41530,HUILA,PALESTINA
52022,NARINO,ALDANA
05172,ANTIOQUIA,CHIGORODO
86865,PUTUMAYO,VALLE DEL GUAMUEZ
13442,BOLIVAR,MARIA LA BAJA
50350,META,LA MACARENA
13458,BOLIVAR,MONTECRISTO
05697,ANTIOQUIA,EL SANTUARIO
41615,HUILA,RIVERA
85139,CASANARE,MANI
05266,ANTIOQUIA,ENVIGADO
73411,TOLIMA,LIBANO
52585,NARINO,PUPIALES
18610,CAQUETA,SAN JOSE DEL FRAGUA
25183,CUNDINAMARCA,CHOCONTA
08634,ATLANTICO,SABANAGRANDE
19212,CAUCA,CORINTO
05368,ANTIOQUIA,JERICO
25772,CUNDINAMARCA,SUESCA
13780,BOLIVAR,TALAIGUA NUEVO
05604,ANTIOQUIA,REMEDIOS
25019,CUNDINAMARCA,ALBAN
25151,CUNDINAMARCA,CAQUEZA
76020,VALLE DEL CAUCA,ALCALA
41503,HUILA,OPORAPA
52385,NARINO,LA LLANADA
19355,CAUCA,INZA
05631,ANTIOQUIA,SABANETA
23807,CORDOBA,TIERRALTA
05042,ANTIOQUIA,SANTA FE DE ANTIOQUIA
76400,VALLE DEL CAUCA,LA UNION
85325,CASANARE,SAN LUIS DE PALENQUE
66088,RISARALDA,BELEN DE UMBRIA
17174,CALDAS,CHINCHINA
25402,CUNDINAMARCA,LA VEGA
19517,CAUCA,PAEZ
23068,CORDOBA,AYAPEL
52224,NARINO,CUASPUD CARLOSAMA
20250,CESAR,EL PASO
05034,ANTIOQUIA,ANDES
20013,CESAR,AGUSTIN CODAZZI
52354,NARINO,IMUES
76563,VALLE DEL CAUCA,PRADERA
23079,CORDOBA,BUENAVISTA
44874,LA GUAJIRA,VILLANUEVA
27245,CHOCO,EL CARMEN DE ATRATO
41660,HUILA,SALADOBLANCO
41668,HUILA,SAN AGUSTIN
76670,VALLE DEL CAUCA,SAN PEDRO
05308,ANTIOQUIA,GIRARDOTA
20060,CESAR,BOSCONIA
05310,ANTIOQUIA,GOMEZ PLATA
52435,NARINO,MALLAMA
44078,LA GUAJIRA,BARRANCAS
76122,VALLE DEL CAUCA,CAICEDONIA
50683,META,SAN JUAN DE ARAMA
17524,CALDAS,PALESTINA
54673,NORTE DE SANTANDER,SAN CAYETANO
52565,NARINO,PROVIDENCIA
81794,ARAUCA,TAME
52506,NARINO,OSPINA
54800,NORTE DE SANTANDER,TEORAMA
73319,TOLIMA,GUAMO
05887,ANTIOQUIA,YARUMAL
54261,NORTE DE SANTANDER,EL ZULIA
05197,ANTIOQUIA,COCORNA
68077,SANTANDER,BARBOSA
23855,CORDOBA,VALENCIA
54743,NORTE DE SANTANDER,SILOS
52240,NARINO,CHACHAGUI
05079,ANTIOQUIA,BARBOSA
05237,ANTIOQUIA,DONMATIAS
05030,ANTIOQUIA,AMAGA
50313,META,GRANADA
50689,META,SAN MARTIN
81736,ARAUCA,SARAVENA
25743,CUNDINAMARCA,SILVANIA
05895,ANTIOQUIA,ZARAGOZA
05284,ANTIOQUIA,FRONTINO
85230,CASANARE,OROCUE
23417,CORDOBA,LORICA
73443,TOLIMA,SAN SEBASTIAN DE MARIQUITA
05686,ANTIOQUIA,SANTA ROSA DE OSOS
41548,HUILA,PITAL
68745,SANTANDER,SIMACOTA
54660,NORTE DE SANTANDER,SALAZAR
20295,CESAR,GAMARRA
05674,ANTIOQUIA,SAN VICENTE FERRER
76036,VALLE DEL CAUCA,ANDALUCIA
05642,ANTIOQUIA,SALGAR
86760,PUTUMAYO,SANTIAGO
25245,CUNDINAMARCA,EL COLEGIO
05761,ANTIOQUIA,SOPETRAN
52678,NARINO,SAMANIEGO
73124,TOLIMA,CAJAMARCA
63401,QUINDIO,LA TEBAIDA
41020,HUILA,ALGECIRAS
88001,SAN ANDRES ISLAS,SAN ANDRES
25126,CUNDINAMARCA,CAJICA
25279,CUNDINAMARCA,FOMEQUE
23686,CORDOBA,SAN PELAYO
50370,META,URIBE
41518,HUILA,PAICOL
76828,VALLE DEL CAUCA,TRUJILLO
05031,ANTIOQUIA,AMALFI
19075,CAUCA,BALBOA
85162,CASANARE,MONTERREY
05649,ANTIOQUIA,SAN CARLOS
15087,BOYACA,BELEN
15757,BOYACA,SOCHA
47707,MAGDALENA,SANTA ANA
05541,ANTIOQUIA,PENOL
15516,BOYACA,PAIPA
15407,BOYACA,VILLA DE LEYVA
68406,SANTANDER,LEBRIJA
85010,CASANARE,AGUAZUL
41770,HUILA,SUAZA
17001,CALDAS,MANIZALES
73624,TOLIMA,ROVIRA
05318,ANTIOQUIA,GUARNE
19513,CAUCA,PADILLA
05670,ANTIOQUIA,SAN ROQUE
50270,META,EL DORADO
47288,MAGDALENA,FUNDACION
13838,BOLIVAR,TURBANA
25572,CUNDINAMARCA,PUERTO SALGAR
13873,BOLIVAR,VILLANUEVA
73520,TOLIMA,PALOCABILDO
17433,CALDAS,MANZANARES
05893,ANTIOQUIA,YONDO
18256,CAQUETA,EL PAUJIL
97001,VAUPES,MITU
05250,ANTIOQUIA,EL BAGRE
44378,LA GUAJIRA,HATONUEVO
47551,MAGDALENA,PIVIJAY
70215,SUCRE,COROZAL
05480,ANTIOQUIA,MUTATA
85263,CASANARE,PORE
05353,ANTIOQUIA,HISPANIA
44420,LA GUAJIRA,LA JAGUA DEL PILAR
76869,VALLE DEL CAUCA,VIJES
41799,HUILA,TELLO
17614,CALDAS,RIOSUCIO
70265,SUCRE,GUARANDA
47460,MAGDALENA,NUEVA GRANADA
05040,ANTIOQUIA,ANORI
20614,CESAR,RIO DE ORO
27413,CHOCO,LLORO
85250,CASANARE,PAZ DE ARIPORO
25099,CUNDINAMARCA,BOJACA
20045,CESAR,BECERRIL
13673,BOLIVAR,SANTA CATALINA
76113,VALLE DEL CAUCA,BUGALAGRANDE
20517,CESAR,PAILITAS
66594,RISARALDA,QUINCHIA
27050,CHOCO,ATRATO
68132,SANTANDER,CALIFORNIA
41013,HUILA,AGRADO
94001,GUAINIA,INIRIDA
47980,MAGDALENA,ZONA BANANERA
73504,TOLIMA,ORTEGA
05861,ANTIOQUIA,VENECIA
05306,ANTIOQUIA,GIRALDO
05209,ANTIOQUIA,CONCORDIA
15183,BOYACA,CHITA
19743,CAUCA,SILVIA
20178,CESAR,CHIRIGUANA
47058,MAGDALENA,ARIGUANI
20310,CESAR,GONZALEZ
73026,TOLIMA,ALVARADO
73349,TOLIMA,HONDA
66400,RISARALDA,LA VIRGINIA
05376,ANTIOQUIA,LA CEJA
25320,CUNDINAMARCA,GUADUAS
23464,CORDOBA,MOMIL
25295,CUNDINAMARCA,GACHANCIPA
13468,BOLIVAR,SANTA CRUZ DE MOMPOX
15204,BOYACA,COMBITA
25200,CUNDINAMARCA,COGUA
27361,CHOCO,ISTMINA
18094,CAQUETA,BELEN DE LOS ANDAQUIES
68575,SANTANDER,PUERTO WILCHES
68229,SANTANDER,CURITI
05690,ANTIOQUIA,SANTO DOMINGO
41016,HUILA,AIPE
41357,HUILA,IQUIRA
85410,CASANARE,TAURAMENA
05206,ANTIOQUIA,CONCEPCION
25793,CUNDINAMARCA,TAUSA
13647,BOLIVAR,SAN ESTANISLAO
52210,NARINO,CONTADERO
41244,HUILA,ELIAS
05656,ANTIOQUIA,SAN JERONIMO
05390,ANTIOQUIA,LA PINTADA
76622,VALLE DEL CAUCA,ROLDANILLO
47555,MAGDALENA,PLATO
17042,CALDAS,ANSERMA
08421,ATLANTICO,LURUACO
68235,SANTANDER,EL CARMEN DE CHUCURI
15822,BOYACA,TOTA
95025,GUAVIARE,EL RETORNO
05120,ANTIOQUIA,CACERES
86757,PUTUMAYO,SAN MIGUEL
19050,CAUCA,ARGELIA
76250,VALLE DEL CAUCA,EL DOVIO
20750,CESAR,SAN DIEGO
25736,CUNDINAMARCA,SESQUILE
05483,ANTIOQUIA,NARINO
52573,NARINO,PUERRES
05890,ANTIOQUIA,YOLOMBO
05660,ANTIOQUIA,SAN LUIS
25322,CUNDINAMARCA,GUASCA
05044,ANTIOQUIA,ANZA
05490,ANTIOQUIA,NECOCLI
20175,CESAR,CHIMICHAGUA
13042,BOLIVAR,ARENAL
15572,BOYACA,PUERTO BOYACA
13300,BOLIVAR,HATILLO DE LOBA
25524,CUNDINAMARCA,PANDI
23570,CORDOBA,PUEBLO NUEVO
05576,ANTIOQUIA,PUEBLORRICO
70429,SUCRE,MAJAGUAL
50330,META,MESETAS
05679,ANTIOQUIA,SANTA BARBARA
05756,ANTIOQUIA,SONSON
86755,PUTUMAYO,SAN FRANCISCO
05093,ANTIOQUIA,BETULIA
41078,HUILA,BARAYA
05125,ANTIOQUIA,CAICEDO
25799,CUNDINAMARCA,TENJO
70713,SUCRE,SAN ONOFRE
15861,BOYACA,VENTAQUEMADA
27615,CHOCO,RIOSUCIO
63470,QUINDIO,MONTENEGRO
05148,ANTIOQUIA,EL CARMEN DE VIBORAL
41676,HUILA,SANTA MARIA
25178,CUNDINAMARCA,CHIPAQUE
44098,LA GUAJIRA,DISTRACCION
05036,ANTIOQUIA,ANGELOPOLIS
08558,ATLANTICO,POLONUEVO
05038,ANTIOQUIA,ANGOSTURA
19450,CAUCA,MERCADERES
81591,ARAUCA,PUERTO RONDON
08372,ATLANTICO,JUAN DE ACOSTA
68327,SANTANDER,GUEPSA
23300,CORDOBA,COTORRA
52378,NARINO,LA CRUZ
73200,TOLIMA,COELLO
05400,ANTIOQUIA,LA UNION
73671,TOLIMA,SALDANA
15790,BOYACA,TASCO
50223,META,CUBARRAL
68572,SANTANDER,PUENTE NACIONAL
99524,VICHADA,LA PRIMAVERA
25377,CUNDINAMARCA,LA CALERA
41319,HUILA,GUADALUPE
17662,CALDAS,SAMANA
44110,LA GUAJIRA,EL MOLINO
17513,CALDAS,PACORA
05264,ANTIOQUIA,ENTRERRIOS
17867,CALDAS,VICTORIA
73067,TOLIMA,ATACO
25290,CUNDINAMARCA,FUSAGASUGA
54051,NORTE DE SANTANDER,ARBOLEDAS
50287,META,FUENTE DE ORO
05440,ANTIOQUIA,MARINILLA
68655,SANTANDER,SABANA DE TORRES
70823,SUCRE,SAN JOSE DE TOLUVIEJO
76100,VALLE DEL CAUCA,BOLIVAR
50318,META,GUAMAL
18247,CAQUETA,EL DONCELLO
19533,CAUCA,PIAMONTE
15690,BOYACA,SANTA MARIA
15763,BOYACA,SOTAQUIRA
41378,HUILA,LA ARGENTINA
17873,CALDAS,VILLAMARIA
15681,BOYACA,SAN PABLO DE BORBUR
70233,SUCRE,EL ROBLE
19100,CAUCA,BOLIVAR
86571,PUTUMAYO,PUERTO GUZMAN
23675,CORDOBA,SAN BERNARDO DEL VIENTO
25123,CUNDINAMARCA,CACHIPAY
13657,BOLIVAR,SAN JUAN NEPOMUCENO
73408,TOLIMA,LERIDA
05809,ANTIOQUIA,TITIRIBI
25317,CUNDINAMARCA,GUACHETA
05885,ANTIOQUIA,YALI
18150,CAQUETA,CARTAGENA DEL CHAIRA
08520,ATLANTICO,PALMAR DE VARELA
15518,BOYACA,PAJARITO
13222,BOLIVAR,CLEMENCIA
25181,CUNDINAMARCA,CHOACHI
47660,MAGDALENA,SABANAS DE SAN ANGEL
66075,RISARALDA,BALBOA
05190,ANTIOQUIA,CISNEROS
20770,CESAR,SAN MARTIN
05411,ANTIOQUIA,LIBORINA
25785,CUNDINAMARCA,TABIO
52693,NARINO,SAN PABLO
18029,CAQUETA,ALBANIA
47205,MAGDALENA,CONCORDIA
05607,ANTIOQUIA,RETIRO
52352,NARINO,ILES
05842,ANTIOQUIA,URAMITA
05591,ANTIOQUIA,PUERTO TRIUNFO
15693,BOYACA,SANTA ROSA DE VITERBO
81300,ARAUCA,FORTUL
73043,TOLIMA,ANZOATEGUI
66045,RISARALDA,APIA
05364,ANTIOQUIA,JARDIN
50680,META,SAN CARLOS DE GUAROA
05790,ANTIOQUIA,TARAZA
05138,ANTIOQUIA,CANASGORDAS
13062,BOLIVAR,ARROYOHONDO
70717,SUCRE,SAN PEDRO
05234,ANTIOQUIA,DABEIBA
70221,SUCRE,COVENAS
23580,CORDOBA,PUERTO LIBERTADOR
50577,META,PUERTO LLERAS
23672,CORDOBA,SAN ANTERO
76243,VALLE DEL CAUCA,EL AGUILA
05107,ANTIOQUIA,BRICENO
41872,HUILA,VILLAVIEJA
25386,CUNDINAMARCA,LA MESA
52258,NARINO,EL TABLON DE GOMEZ
25154,CUNDINAMARCA,CARMEN DE CARUPA
19290,CAUCA,FLORENCIA
73030,TOLIMA,AMBALEMA
52260,NARINO,EL TAMBO
25599,CUNDINAMARCA,APULO
52720,NARINO,SAPUYES
25815,CUNDINAMARCA,TOCAIMA
52203,NARINO,COLON
70670,SUCRE,SAMPUES
08832,ATLANTICO,TUBARA
13433,BOLIVAR,MAHATES
47692,MAGDALENA,SAN SEBASTIAN DE BUENAVISTA
05659,ANTIOQUIA,SAN JUAN DE URABA
25120,CUNDINAMARCA,CABRERA
15537,BOYACA,PAZ DE RIO
05086,ANTIOQUIA,BELMIRA
05854,ANTIOQUIA,VALDIVIA
54520,NORTE DE SANTANDER,PAMPLONITA
23678,CORDOBA,SAN CARLOS
68684,SANTANDER,SAN JOSE DE MIRANDA
15646,BOYACA,SAMACA
70523,SUCRE,PALMITO
05321,ANTIOQUIA,GUATAPE
47161,MAGDALENA,CERRO DE SAN ANTONIO
23586,CORDOBA,PURISIMA DE LA CONCEPCION
25769,CUNDINAMARCA,SUBACHOQUE
05425,ANTIOQUIA,MACEO
73275,TOLIMA,FLANDES
25658,CUNDINAMARCA,SAN FRANCISCO
70708,SUCRE,SAN MARCOS
05579,ANTIOQUIA,PUERTO BERRIO
76497,VALLE DEL CAUCA,OBANDO
15296,BOYACA,GAMEZA
76823,VALLE DEL CAUCA,TORO
23168,CORDOBA,CHIMA
54250,NORTE DE SANTANDER,EL TARRA
70473,SUCRE,MORROA
25335,CUNDINAMARCA,GUAYABETAL
70418,SUCRE,LOS PALMITOS
52687,NARINO,SAN LORENZO
05792,ANTIOQUIA,TARSO
41801,HUILA,TERUEL
54245,NORTE DE SANTANDER,EL CARMEN
68689,SANTANDER,SAN VICENTE DE CHUCURI
66440,RISARALDA,MARSELLA
54128,NORTE DE SANTANDER,CACHIRA
15835,BOYACA,TURMEQUE
05585,ANTIOQUIA,PUERTO NARE
76377,VALLE DEL CAUCA,LA CUMBRE
52083,NARINO,BELEN
13140,BOLIVAR,CALAMAR
73449,TOLIMA,MELGAR
54223,NORTE DE SANTANDER,CUCUTILLA
52411,NARINO,LINARES
05647,ANTIOQUIA,SAN ANDRES DE CUERQUIA
08436,ATLANTICO,MANATI
25486,CUNDINAMARCA,NEMOCON
54398,NORTE DE SANTANDER,LA PLAYA
13600,BOLIVAR,RIO VIEJO
25224,CUNDINAMARCA,CUCUNUBA
47268,MAGDALENA,EL RETEN
05002,ANTIOQUIA,ABEJORRAL
73217,TOLIMA,COYAIMA
19821,CAUCA,TORIBIO
50606,META,RESTREPO
15377,BOYACA,LABRANZAGRANDE
25438,CUNDINAMARCA,MEDINA
05667,ANTIOQUIA,SAN RAFAEL
05113,ANTIOQUIA,BURITICA
13490,BOLIVAR,NOROSI
25040,CUNDINAMARCA,ANOLAIMA
50124,META,CABUYARO
63111,QUINDIO,BUENAVISTA
54820,NORTE DE SANTANDER,TOLEDO
66687,RISARALDA,SANTUARIO
47170,MAGDALENA,CHIVOLO
68895,SANTANDER,ZAPATOCA
05658,ANTIOQUIA,SAN JOSE DE LA MONTANA
41791,HUILA,TARQUI
68686,SANTANDER,SAN MIGUEL
15814,BOYACA,TOCA
05819,ANTIOQUIA,TOLEDO
27135,CHOCO,EL CANTON DEL SAN PABLO
47720,MAGDALENA,SANTA BARBARA DE PINTO
76403,VALLE DEL CAUCA,LA VICTORIA
47798,MAGDALENA,TENERIFE
05361,ANTIOQUIA,ITUANGO
27660,CHOCO,SAN JOSE DEL PALMAR
99773,VICHADA,CUMARIBO
54680,NORTE DE SANTANDER,SANTIAGO
52788,NARINO,TANGUA
68207,SANTANDER,CONCEPCION
13894,BOLIVAR,ZAMBRANO
54099,NORTE DE SANTANDER,BOCHALEMA
54418,NORTE DE SANTANDER,LOURDES
13760,BOLIVAR,SOPLAVIENTO
25535,CUNDINAMARCA,PASCA
86749,PUTUMAYO,SIBUNDOY
08770,ATLANTICO,SUAN
05628,ANTIOQUIA,SABANALARGA
15185,BOYACA,CHITARAQUE
05282,ANTIOQUIA,FREDONIA
73563,TOLIMA,PRADO
13188,BOLIVAR,CICUCO
70508,SUCRE,OVEJAS
13670,BOLIVAR,SAN PABLO
25488,CUNDINAMARCA,NILO
68867,SANTANDER,VETAS
50251,META,EL CASTILLO
73483,TOLIMA,NATAGAIMA
68255,SANTANDER,EL PLAYON
52381,NARINO,LA FLORIDA
05347,ANTIOQUIA,HELICONIA
73622,TOLIMA,RONCESVALLES
15837,BOYACA,TUTA
85430,CASANARE,TRINIDAD
13160,BOLIVAR,CANTAGALLO
68855,SANTANDER,VALLE DE SAN JOSE
05495,ANTIOQUIA,NECHI
13650,BOLIVAR,SAN FERNANDO
81220,ARAUCA,CRAVO NORTE
19397,CAUCA,LA VEGA
68573,SANTANDER,PUERTO PARRA
05150,ANTIOQUIA,CAROLINA
23090,CORDOBA,CANALETE
05101,ANTIOQUIA,CIUDAD BOLIVAR
15507,BOYACA,OTANCHE
25513,CUNDINAMARCA,PACHO
25328,CUNDINAMARCA,GUAYABAL DE SIQUIMA
27006,CHOCO,ACANDI
15764,BOYACA,SORACA
05856,ANTIOQUIA,VALPARAISO
52036,NARINO,ANCUYA
15632,BOYACA,SABOYA
68101,SANTANDER,BOLIVAR
15469,BOYACA,MONIQUIRA
15299,BOYACA,GARAGOA
68444,SANTANDER,MATANZA
70702,SUCRE,SAN JUAN DE BETULIA
05051,ANTIOQUIA,ARBOLETES
05055,ANTIOQUIA,ARGELIA
68705,SANTANDER,SANTA BARBARA
68464,SANTANDER,MOGOTES
25797,CUNDINAMARCA,TENA
08606,ATLANTICO,REPELON
13212,BOLIVAR,CORDOBA
52885,NARINO,YACUANQUER
25394,CUNDINAMARCA,LA PALMA
17442,CALDAS,MARMATO
15212,BOYACA,COPER
50110,META,BARRANCA DE UPIA
13006,BOLIVAR,ACHI
68418,SANTANDER,LOS SANTOS
52256,NARINO,EL ROSARIO
05091,ANTIOQUIA,BETANIA
76845,VALLE DEL CAUCA,ULLOA
52233,NARINO,CUMBITARA
54599,NORTE DE SANTANDER,RAGONVALIA
68861,SANTANDER,VELEZ
15272,BOYACA,FIRAVITOBA
15676,BOYACA,SAN MIGUEL DE SEMA
15778,BOYACA,SUTATENZA
17444,CALDAS,MARQUETALIA
08675,ATLANTICO,SANTA LUCIA
15820,BOYACA,TOPAGA
68385,SANTANDER,LANDAZURI
17616,CALDAS,RISARALDA
85400,CASANARE,TAMARA
13440,BOLIVAR,MARGARITA
68755,SANTANDER,SOCORRO
25339,CUNDINAMARCA,GUTIERREZ
13580,BOLIVAR,REGIDOR
18205,CAQUETA,CURILLO
25035,CUNDINAMARCA,ANAPOIMA
47318,MAGDALENA,GUAMAL
17013,CALDAS,AGUADAS
52019,NARINO,ALBAN
50400,META,LEJANIAS
18785,CAQUETA,SOLITA
73675,TOLIMA,SAN ANTONIO
18479,CAQUETA,MORELIA
27073,CHOCO,BAGADO
25491,CUNDINAMARCA,NOCAIMA
25758,CUNDINAMARCA,SOPO
13744,BOLIVAR,SIMITI
66318,RISARALDA,GUATICA
68217,SANTANDER,COROMORO
05315,ANTIOQUIA,GUADALUPE
66456,RISARALDA,MISTRATO
25001,CUNDINAMARCA,AGUA DE DIOS
73352,TOLIMA,ICONONZO
15753,BOYACA,SOATA
95015,GUAVIARE,CALAMAR
15325,BOYACA,GUAYATA
05134,ANTIOQUIA,CAMPAMENTO
52320,NARINO,GUAITARILLA
23682,CORDOBA,SAN JOSE DE URE
25053,CUNDINAMARCA,ARBELAEZ
99001,VICHADA,PUERTO CARRENO
25878,CUNDINAMARCA,VIOTA
05467,ANTIOQUIA,MONTEBELLO
18460,CAQUETA,MILAN
47703,MAGDALENA,SAN ZENON
95200,GUAVIARE,MIRAFLORES
52621,NARINO,ROBERTO PAYAN
15491,BOYACA,NOBSA
25845,CUNDINAMARCA,UNE
66572,RISARALDA,PUEBLO RICO
73055,TOLIMA,ARMERO
54174,NORTE DE SANTANDER,CHITAGA
54670,NORTE DE SANTANDER,SAN CALIXTO
15664,BOYACA,SAN JOSE DE PARE
17050,CALDAS,ARANZAZU
08141,ATLANTICO,CANDELARIA
08849,ATLANTICO,USIACURI
15686,BOYACA,SANTANA
68298,SANTANDER,GAMBITA
05313,ANTIOQUIA,GRANADA
63302,QUINDIO,GENOVA
73686,TOLIMA,SANTA ISABEL
25530,CUNDINAMARCA,PARATEBUENO
25645,CUNDINAMARCA,SAN ANTONIO DEL TEQUENDAMA
15740,BOYACA,SIACHOQUE
85225,CASANARE,NUNCHIA
15104,BOYACA,BOYACA
05665,ANTIOQUIA,SAN PEDRO DE URABA
52254,NARINO,EL PENOL
13810,BOLIVAR,TIQUISIO
66383,RISARALDA,LA CELIA
25326,CUNDINAMARCA,GUATAVITA
15293,BOYACA,GACHANTIVA
13654,BOLIVAR,SAN JACINTO
23419,CORDOBA,LOS CORDOBAS
25662,CUNDINAMARCA,SAN JUAN DE RIOSECO
47030,MAGDALENA,ALGARROBO
23350,CORDOBA,LA APARTADA
73152,TOLIMA,CASABIANCA
15600,BOYACA,RAQUIRA
15464,BOYACA,MONGUA
25779,CUNDINAMARCA,SUSA
05142,ANTIOQUIA,CARACOLI
68533,SANTANDER,PARAMO
05789,ANTIOQUIA,TAMESIS
15667,BOYACA,SAN LUIS DE GACENO
73461,TOLIMA,MURILLO
47545,MAGDALENA,PIJINO DEL CARMEN
47570,MAGDALENA,PUEBLOVIEJO
19785,CAUCA,SUCRE
47258,MAGDALENA,EL PINON
68320,SANTANDER,GUADALUPE
13655,BOLIVAR,SAN JACINTO DEL CAUCA
19364,CAUCA,JAMBALO
27787,CHOCO,TADO
54377,NORTE DE SANTANDER,LABATECA
25862,CUNDINAMARCA,VERGARA
17877,CALDAS,VITERBO
54125,NORTE DE SANTANDER,CACOTA
54344,NORTE DE SANTANDER,HACARI
68167,SANTANDER,CHARALA
15580,BOYACA,QUIPAMA
27075,CHOCO,BAHIA SOLANO
73616,TOLIMA,RIOBLANCO
15322,BOYACA,GUATEQUE
63272,QUINDIO,FILANDIA
15476,BOYACA,MOTAVITA
15380,BOYACA,LA CAPILLA
63690,QUINDIO,SALENTO
25489,CUNDINAMARCA,NIMAIMA
99624,VICHADA,SANTA ROSALIA
23500,CORDOBA,MONITOS
68498,SANTANDER,OCAMONTE
73347,TOLIMA,HERVEO
23574,CORDOBA,PUERTO ESCONDIDO
27810,CHOCO,UNION PANAMERICANA
68162,SANTANDER,CERRITO
15362,BOYACA,IZA
13667,BOLIVAR,SAN MARTIN DE LOBA
68549,SANTANDER,PINCHOTE
25596,CUNDINAMARCA,QUIPILE
15466,BOYACA,MONGUI
25718,CUNDINAMARCA,SASAIMA
73270,TOLIMA,FALAN
15696,BOYACA,SANTA SOFIA
15494,BOYACA,NUEVO COLON
15804,BOYACA,TIBANA
15367,BOYACA,JENESANO
13620,BOLIVAR,SAN CRISTOBAL
47541,MAGDALENA,PEDRAZA
25436,CUNDINAMARCA,MANTA
27450,CHOCO,MEDIO SAN JUAN
13248,BOLIVAR,EL GUAMO
08137,ATLANTICO,CAMPO DE LA CRUZ
73547,TOLIMA,PIEDRAS
88564,SAN ANDRES ISLAS,PROVIDENCIA
15798,BOYACA,TENZA
15226,BOYACA,CUITIVA
05240,ANTIOQUIA,EBEJICO
25426,CUNDINAMARCA,MACHETA
70678,SUCRE,SAN BENITO ABAD
15638,BOYACA,SACHICA
54871,NORTE DE SANTANDER,VILLA CARO
27205,CHOCO,CONDOTO
25518,CUNDINAMARCA,PAIME
70235,SUCRE,GALERAS
19418,CAUCA,LOPEZ DE MICAY
15755,BOYACA,SOCOTA
15368,BOYACA,JERICO
68051,SANTANDER,ARATOCA
25288,CUNDINAMARCA,FUQUENE
15816,BOYACA,TOGUI
15879,BOYACA,VIRACACHA
15187,BOYACA,CHIVATA
19693,CAUCA,SAN SEBASTIAN
73870,TOLIMA,VILLAHERMOSA
15774,BOYACA,SUSACON
70400,SUCRE,LA UNION
68020,SANTANDER,ALBANIA
25777,CUNDINAMARCA,SUPATA
68500,SANTANDER,OIBA
73861,TOLIMA,VENADILLO
44855,LA GUAJIRA,URUMITA
73226,TOLIMA,CUNDAY
86219,PUTUMAYO,COLON
68318,SANTANDER,GUACA
68669,SANTANDER,SAN ANDRES
25898,CUNDINAMARCA,ZIPACON
15109,BOYACA,BUENAVISTA
25258,CUNDINAMARCA,EL PENON
05652,ANTIOQUIA,SAN FRANCISCO
25398,CUNDINAMARCA,LA PENA
54239,NORTE DE SANTANDER,DURANIA
54347,NORTE DE SANTANDER,HERRAN
25168,CUNDINAMARCA,CHAGUANI
76054,VALLE DEL CAUCA,ARGELIA
25885,CUNDINAMARCA,YACOPI
68770,SANTANDER,SUAITA
76246,VALLE DEL CAUCA,EL CAIRO
15531,BOYACA,PAUNA
25281,CUNDINAMARCA,FOSCA
15762,BOYACA,SORA
19022,CAUCA,ALMAGUER
17495,CALDAS,NORCASIA
15425,BOYACA,MACANAL
47675,MAGDALENA,SALAMINA
85136,CASANARE,LA SALINA
15542,BOYACA,PESCA
13074,BOLIVAR,BARRANCO DE LOBA
27160,CHOCO,CERTEGUI
68271,SANTANDER,FLORIAN
68368,SANTANDER,JESUS MARIA
68432,SANTANDER,MALAGA
25867,CUNDINAMARCA,VIANI
19318,CAUCA,GUAPI
18756,CAQUETA,SOLANO
54480,NORTE DE SANTANDER,MUTISCUA
15215,BOYACA,CORRALES
25851,CUNDINAMARCA,UTICA
19701,CAUCA,SANTA ROSA
15223,BOYACA,CUBARA
17665,CALDAS,SAN JOSE
15244,BOYACA,EL COCUY
85015,CASANARE,CHAMEZA
25807,CUNDINAMARCA,TIBIRITA
05059,ANTIOQUIA,ARMENIA
25506,CUNDINAMARCA,VENECIA
73236,TOLIMA,DOLORES
47605,MAGDALENA,REMOLINO
25148,CUNDINAMARCA,CAPARRAPI
68377,SANTANDER,LA BELLEZA
68092,SANTANDER,BETULIA
05145,ANTIOQUIA,CARAMANTA
15047,BOYACA,AQUITANIA
15842,BOYACA,UMBITA
15442,BOYACA,MARIPI
85279,CASANARE,RECETOR
25297,CUNDINAMARCA,GACHETA
05021,ANTIOQUIA,ALEJANDRIA
25324,CUNDINAMARCA,GUATAQUI
68169,SANTANDER,CHARTA
13268,BOLIVAR,EL PENON
25483,CUNDINAMARCA,NARINO
70124,SUCRE,CAIMITO
73854,TOLIMA,VALLE DE SAN JUAN
70771,SUCRE,SUCRE
27099,CHOCO,BOJAYA
68296,SANTANDER,GALAN
25293,CUNDINAMARCA,GACHALA
73873,TOLIMA,VILLARRICA
25372,CUNDINAMARCA,JUNIN
13030,BOLIVAR,ALTOS DEL ROSARIO
15106,BOYACA,BRICENO
15189,BOYACA,CIENEGA
15776,BOYACA,SUTAMARCHAN
15808,BOYACA,TINJACA
25594,CUNDINAMARCA,QUETAME
70204,SUCRE,COLOSO
47960,MAGDALENA,ZAPAYAN
68773,SANTANDER,SUCRE
25805,CUNDINAMARCA,TIBACUY
27800,CHOCO,UNGUIA
15097,BOYACA,BOAVITA
15131,BOYACA,CALDAS
52480,NARINO,NARINO
68266,SANTANDER,ENCISO
15162,BOYACA,CERINZA
76863,VALLE DEL CAUCA,VERSALLES
25649,CUNDINAMARCA,SAN BERNARDO
15599,BOYACA,RAMIRIQUI
15455,BOYACA,MIRAFLORES
13549,BOLIVAR,PINILLOS
85300,CASANARE,SABANALARGA
17653,CALDAS,SALAMINA
68682,SANTANDER,SAN JOAQUIN
15533,BOYACA,PAYA
15051,BOYACA,ARCABUCO
68324,SANTANDER,GUAVATA
25592,CUNDINAMARCA,QUEBRADANEGRA
15135,BOYACA,CAMPOHERMOSO
68250,SANTANDER,EL PENON
68720,SANTANDER,SANTA HELENA DEL OPON
85315,CASANARE,SACAMA
68468,SANTANDER,MOLAGAVITA
17541,CALDAS,PENSILVANIA
15218,BOYACA,COVARACHIA
68209,SANTANDER,CONFINES
05004,ANTIOQUIA,ABRIAQUI
15500,BOYACA,OICATA
15276,BOYACA,FLORESTA
73024,TOLIMA,ALPUJARRA
15114,BOYACA,BUSBANZA
68079,SANTANDER,BARICHARA
68179,SANTANDER,CHIPATA
25580,CUNDINAMARCA,PULI
86573,PUTUMAYO,PUERTO LEGUIZAMO
68780,SANTANDER,SURATA
08549,ATLANTICO,PIOJO
25841,CUNDINAMARCA,UBAQUE
15480,BOYACA,MUZO
17388,CALDAS,LA MERCED
25653,CUNDINAMARCA,SAN CAYETANO
25086,CUNDINAMARCA,BELTRAN
68502,SANTANDER,ONZAGA
15761,BOYACA,SOMONDOCO
68397,SANTANDER,LA PAZ
50686,META,SAN JUANITO
15236,BOYACA,CHIVOR
97161,VAUPES,CARURU
70230,SUCRE,CHALAN
15839,BOYACA,TUTAZA
17446,CALDAS,MARULANDA
15514,BOYACA,PAEZ
15550,BOYACA,PISBA
25823,CUNDINAMARCA,TOPAIPI
15810,BOYACA,TIPACOQUE
27491,CHOCO,NOVITA
15403,BOYACA,LA UVITA
25871,CUNDINAMARCA,VILLAGOMEZ
25839,CUNDINAMARCA,UBALA
25368,CUNDINAMARCA,JERUSALEN
15720,BOYACA,SATIVANORTE
15723,BOYACA,SATIVASUR
27250,CHOCO,EL LITORAL DEL SAN JUAN
15522,BOYACA,PANQUEBA
27600,CHOCO,RIO QUITO
68673,SANTANDER,SAN BENITO
15317,BOYACA,GUACAMAYAS
68872,SANTANDER,VILLANUEVA
68152,SANTANDER,CARCASI
15022,BOYACA,ALMEIDA
25095,CUNDINAMARCA,BITUIMA
68121,SANTANDER,CABRERA
15897,BOYACA,ZETAQUIRA
15511,BOYACA,PACHAVITA
68524,SANTANDER,PALMAS DEL SOCORRO
52696,NARINO,SANTA BARBARA
15172,BOYACA,CHINAVITA
50245,META,EL CALVARIO
52427,NARINO,MAGUI
68322,SANTANDER,GUAPOTA
52520,NARINO,FRANCISCO PIZARRO
68370,SANTANDER,JORDAN
68425,SANTANDER,MACARAVITA
20001,CESAR,VALLEDUPAR (CT)
76834,VALLE,TULUA
15001,BOYACA,TUNJA (CT)
66001,RISARALDA,PEREIRA (CT)
73001,TOLIMA,IBAGUE (CT)
84330,ATLANTICO,MALAMBO
23001,CORDOBA,MONTERIA (CT)
17001,CALDAS,MANIZALES (CT)
52001,NARINO,PASTO (CT)
11001,BOGOTA,BOGOTA D.C. (CT)
50880,ANTIOQUIA,BELLO
50010,ANTIOQUIA,MEDELLIN (CT)
76111,VALLE,GUADALAJARA DE BUGA
76001,VALLE,CALI (CT)
56310,ANTIOQUIA,SABANETA
76563,VALLE,PRADERA
76364,VALLE,JAMUNDI
54001,NORTE DE SANTANDER,CUCUTA (CT)
58870,ANTIOQUIA,YARUMAL
76520,VALLE,PALMIRA
18001,CAQUETA,FLORENCIA (CT)
85001,CASANARE,YOPAL (CT)
54400,ANTIOQUIA,MARINILLA
63001,QUINDIO,ARMENIA (CT)
80010,ATLANTICO,BARRANQUILLA (CT)
76895,VALLE,ZARZAL
41001,HUILA,NEIVA (CT)
76670,VALLE,SAN PEDRO
57360,ANTIOQUIA,SEGOVIA
13001,BOLIVAR,CARTAGENA (CT)
76147,VALLE,CARTAGO
50001,META,VILLAVICENCIO (CT)
23586,CORDOBA,PURISIMA
76892,VALLE,YUMBO
76109,VALLE,BUENAVENTURA
56150,ANTIOQUIA,RIONEGRO
47001,MAGDALENA,SANTA MARTA (CT)
56970,ANTIOQUIA,EL SANTUARIO
53800,ANTIOQUIA,LA ESTRELLA
88001,SAN ANDRES,SAN ANDRES (CT)
53600,ANTIOQUIA,ITAGUI
44650,GUAJIRA,SAN JUAN DEL CESAR
27077,CHOCO,BAJO BAUDO
44430,GUAJIRA,MAICAO
76248,VALLE,EL CERRITO
19001,CAUCA,POPAYAN (CT)
52660,ANTIOQUIA,ENVIGADO
13468,BOLIVAR,MOMPOS
76622,VALLE,ROLDANILLO
70001,SUCRE,SINCELEJO (CT)
50450,ANTIOQUIA,APARTADO
68001,SANTANDER,BUCARAMANGA (CT)
56650,ANTIOQUIA,SAN PEDRO DE URABA
54900,ANTIOQUIA,NECOCLI
53080,ANTIOQUIA,GIRARDOTA
57900,ANTIOQUIA,TARAZA
44001,GUAJIRA,RIOHACHA (CT)
76275,VALLE,FLORIDA
50790,ANTIOQUIA,BARBOSA
87580,ATLANTICO,SOLEDAD
91001,AMAZONAS,LETICIA (CT)
82960,ATLANTICO,GALAPA
76130,VALLE,CANDELARIA
51480,ANTIOQUIA,EL CARMEN DE VIBORAL
86380,ATLANTICO,SABANALARGA
53180,ANTIOQUIA,GUARNE
44078,GUAJIRA,BARRANCAS
27001,CHOCO,QUIBDO (CT)
25758,VALLE,JAMUNDI
50510,ANTIOQUIA,ARBOLETES
76400,VALLE,LA UNION
44378,GUAJIRA,HATONUEVO
55790,ANTIOQUIA,PUERTO BERRIO
81001,ARAUCA,ARAUCA (CT)
50300,ANTIOQUIA,AMAGA
50420,ANTIOQUIA,SANTAFE DE ANTIOQUIA
58470,ANTIOQUIA,URRAO
51290,ANTIOQUIA,CALDAS
19548,CAUCA,PIENDAMO
86001,PUTUMAYO,MOCOA (CT)
57610,ANTIOQUIA,SOPETRAN
85600,ATLANTICO,PONEDERA
50340,ANTIOQUIA,ANDES
80780,ATLANTICO,BARANOA
76041,VALLE,ANSERMANUEVO
76606,VALLE,RESTREPO
52224,NARINO,CUASPUD
51900,ANTIOQUIA,CISNEROS
56490,ANTIOQUIA,SAN CARLOS
76246,VALLE,EL CAIRO
76823,VALLE,TORO
52120,ANTIOQUIA,COPACABANA
76616,VALLE,RIOFRIO
51720,ANTIOQUIA,CHIGORODO
73443,TOLIMA,MARIQUITA
52250,NARINO,EL CHARCO
44560,GUAJIRA,MANAURE
76113,VALLE,BUGALAGRANDE
76233,VALLE,DAGUA
76036,VALLE,ANDALUCIA
86340,ATLANTICO,SABANAGRANDE
56860,ANTIOQUIA,SANTA ROSA DE OSOS
76243,VALLE,EL AGUILA
54250,ANTIOQUIA,MACEO
76318,VALLE,GUACARI
76306,VALLE,GINEBRA
53640,ANTIOQUIA,JARDIN
51540,ANTIOQUIA,CAUCASIA
85490,ATLANTICO,PIOJO
58900,ANTIOQUIA,YOLOMBO
47161,MAGDALENA,CERRO SAN ANTONIO
76020,VALLE,ALCALA
50860,ANTIOQUIA,BELMIRA
55850,ANTIOQUIA,PUERTO NARE
58540,ANTIOQUIA,VALDIVIA
94001,GUAINIA,INIRIDA (CT)
44847,GUAJIRA,URIBIA
76736,VALLE,SEVILLA
53900,ANTIOQUIA,LA PINTADA
76377,VALLE,LA CUMBRE
58610,ANTIOQUIA,VENECIA
52820,ANTIOQUIA,FREDONIA
50400,ANTIOQUIA,ANORI
23670,CORDOBA,SAN ANDRES SOTAVENTO
70823,SUCRE,TOLU VIEJO
52840,ANTIOQUIA,FRONTINO
76497,VALLE,OBANDO
85200,ATLANTICO,PALMAR DE VARELA
76122,VALLE,CAICEDONIA
50360,ANTIOQUIA,ANGELOPOLIS
44279,GUAJIRA,FONSECA
53060,ANTIOQUIA,GIRALDO
50930,ANTIOQUIA,BETULIA
58370,ANTIOQUIA,TURBO
25662,CUNDINAMARCA,SAN JUAN DE RIO SECO
84210,ATLANTICO,LURUACO
99001,VICHADA,PUERTO CARRENO (CT)
44098,GUAJIRA,DISTRACCION
44420,GUAJIRA,LA JAGUA DEL PILAR
76403,VALLE,LA VICTORIA
86850,ATLANTICO,SANTO TOMAS
58930,ANTIOQUIA,YONDO
54800,ANTIOQUIA,MUTATA
83720,ATLANTICO,JUAN DE ACOSTA
56790,ANTIOQUIA,SANTA BARBARA
52340,ANTIOQUIA,DABEIBA
76890,VALLE,YOTOCO
88320,ATLANTICO,TUBARA
56700,ANTIOQUIA,SAN ROQUE
56740,ANTIOQUIA,SAN VICENTE
52500,ANTIOQUIA,EL BAGRE
51200,ANTIOQUIA,CACERES
95001,GUAVIARE,SAN JOSE DEL GUAVIARE (CT)
58850,ANTIOQUIA,YALI
86060,ATLANTICO,REPELON
55910,ANTIOQUIA,PUERTO TRIUNFO
51470,ANTIOQUIA,CAREPA
51380,ANTIOQUIA,CANASGORDAS
56600,ANTIOQUIA,SAN LUIS
52400,ANTIOQUIA,EBEJICO
56640,ANTIOQUIA,SAN PEDRO
57560,ANTIOQUIA,SONSON
53100,ANTIOQUIA,GOMEZ PLATA
19760,CAUCA,SOTARA
76126,VALLE,CALIMA
52090,ANTIOQUIA,CONCORDIA
52370,ANTIOQUIA,DON MATIAS
44874,GUAJIRA,VILLANUEVA
53470,ANTIOQUIA,HELICONIA
56070,ANTIOQUIA,RETIRO
55410,ANTIOQUIA,PENOL
56560,ANTIOQUIA,SAN JERONIMO
76100,VALLE,BOLIVAR
58090,ANTIOQUIA,TITIRIBI
50310,ANTIOQUIA,AMALFI
57890,ANTIOQUIA,TAMESIS
56040,ANTIOQUIA,REMEDIOS
81410,ATLANTICO,CANDELARIA
76863,VALLE,VERSALLES
53760,ANTIOQUIA,LA CEJA
58190,ANTIOQUIA,TOLEDO
44035,GUAJIRA,ALBANIA
53530,ANTIOQUIA,HISPANIA
56900,ANTIOQUIA,SANTO DOMINGO
56670,ANTIOQUIA,SAN RAFAEL
52640,ANTIOQUIA,ENTRERRIOS
54670,ANTIOQUIA,MONTEBELLO
25645,VALLE,YUMBO
85730,ATLANTICO,PUERTO COLOMBIA
84360,ATLANTICO,MANATI
76828,VALLE,TRUJILLO
50590,ANTIOQUIA,ARMENIA
76869,VALLE,VIJES
20443,CESAR,MANAURE
44855,GUAJIRA,URUMITA
56420,ANTIOQUIA,SALGAR
54950,ANTIOQUIA,NECHI
50020,ANTIOQUIA,ABEJORRAL
51500,ANTIOQUIA,CAROLINA
54000,ANTIOQUIA,LA UNION
53680,ANTIOQUIA,JERICO
86750,ATLANTICO,SANTA LUCIA
51070,ANTIOQUIA,BRICENO
56520,ANTIOQUIA,SAN FRANCISCO
15090,BOYACA,BERBEO
53210,ANTIOQUIA,GUATAPE
19809,CAUCA,TIMBIQUI
44090,GUAJIRA,DIBULLA
51970,ANTIOQUIA,COCORNA
44110,GUAJIRA,EL MOLINO
53610,ANTIOQUIA,ITUANGO
85580,ATLANTICO,POLONUEVO
56590,ANTIOQUIA,SAN JUAN DE URABA
50550,ANTIOQUIA,ARGELIA
51010,ANTIOQUIA,CIUDAD BOLIVAR
58560,ANTIOQUIA,VALPARAISO
56470,ANTIOQUIA,SAN ANDRES DE CUERQUIA
81370,ATLANTICO,CAMPO DE LA CRUZ
97001,VAUPES,MITU (CT)
58580,ANTIOQUIA,VEGACHI
52060,ANTIOQUIA,CONCEPCION
15248,BOYACA,EL ESPINO
58950,ANTIOQUIA,ZARAGOZA
56580,ANTIOQUIA,SAN JOSE DE LA MONTANA
54110,ANTIOQUIA,LIBORINA
50380,ANTIOQUIA,ANGOSTURA
51450,ANTIOQUIA,CARAMANTA
87700,ATLANTICO,SUAN
15660,BOYACA,SAN EDUARDO
50910,ANTIOQUIA,BETANIA
50440,ANTIOQUIA,ANZA
76054,VALLE,ARGELIA
55010,ANTIOQUIA,OLAYA
25299,CUNDINAMARCA,GAMA
54830,ANTIOQUIA,NARINO
53130,ANTIOQUIA,GRANADA
50210,ANTIOQUIA,ALEJANDRIA
76845,VALLE,ULLOA
88490,ATLANTICO,USIACURI
53150,ANTIOQUIA,GUADALUPE
76250,VALLE,EL DOVIO
51130,ANTIOQUIA,BURITICA
57920,ANTIOQUIA,TARSO
55760,ANTIOQUIA,PUEBLORRICO
86001,PUTUMAYO,VALLE DEL GUAMUEZ
00000,ANTIOQUIA,MEDELLIN (CT)
51420,ANTIOQUIA,CARACOLI
50040,ANTIOQUIA,ABRIAQUI
68176,SANTANDER,CHIMA
51250,ANTIOQUIA,CAICEDO
56280,ANTIOQUIA,SABANALARGA
51340,ANTIOQUIA,CAMPAMENTO
88564,SAN ANDRES,PROVIDENCIA
58420,ANTIOQUIA,URAMITA
68522,SANTANDER,PALMAR
55430,ANTIOQUIA,PEQUE
52490,NARINO,OLAYA HERRERA
15673,BOYACA,SAN MATEO
27495,CHOCO,NUQUI
68264,SANTANDER,ENCINO
15180,BOYACA,CHISCAS
15621,BOYACA,RONDON
68344,SANTANDER,HATO
68160,SANTANDER,CEPITA
15092,BOYACA,BETEITIVA
27372,CHOCO,JURADO
15832,BOYACA,TUNUNGUA
68211,SANTANDER,CONTRATACION
